"McId","ICD9CM"
"NRF023","237"
"APR006","755"
"PFF001","075"
"ANH001","136"
"TTZ003","733"
"HYP731","255"
"ALZ034","331"
"AMY091","335"
"ANR048","743"
"SPN225","720"
"APN008","327"
"ATH013","440"
"ATR048","426"
"ATM095","720"
"GST092","530"
"BLD045","596"
"BLD134","188"
"ART115","424"
"BHC003","136"
"BRK010","200"
"CLR023","153"
"CRP001","354"
"HPT023","155"
"CLF027","749"
"CLB003","377"
"CRN317","371"
"CRT072","046"
"CRD002","758"
"VBR001","708"
"DBT091","588"
"MLT020","340"
"DMN031","331"
"DYS056","333"
"MLT156","258"
"EXD008","362"
"FCT001","286"
"ESP021","150"
"FLT011","714"
"FBR011","728"
"GST095","535"
"GRS011","046"
"GLL008","307"
"GLC092","365"
"HNT016","333"
"HYP739","272"
"HYP742","374"
"HYP595","401"
"HYP595","402"
"HYP595","403"
"HYP595","404"
"HYP595","405"
"INC002","359"
"INT051","560"
"KRT019","370"
"KPS004","176"
"LMY014","218"
"LKM070","206"
"LKM071","204"
"LPM012","214"
"SYS001","710"
"MRC002","374"
"MCK029","751"
"MRF001","759"
"MNR012","386"
"MGR028","346"
"MTN003","994"
"MYT021","359"
"MLT159","258"
"CYC010","288"
"NRF024","237"
"OBS002","300"
"OPT070","377"
"OTT002","382"
"OST002","733"
"OVR042","183"
"PTL009","717"
"PRK057","332"
"PRN011","281"
"MLT160","258"
"PCK003","331"
"PTY003","696"
"MCC012","756"
"PRS040","185"
"PLV020","569"
"PRD006","759"
"EXF001","365"
"PSD008","377"
"PLM085","516"
"PLM134","516"
"RTN017","361"
"RHM011","714"
"APL002","750"
"SCH072","732"
"SCH015","295"
"KRT071","702"
"SRC025","135"
"NRL016","741"
"ODN023","756"
"STR020","378"
"STF001","333"
"CHR619","755"
"TTR001","745"
"TMP003","446"
"TST044","608"
"THR100","287"
"TRG002","350"
"DGR001","279"
"TRT020","368"
"DWN001","758"
"URT051","189"
"UTR058","621"
"VLC001","758"
"VSC019","593"
"VLV047","560"
"WLF001","426"
"LPD012","255"
"ANM038","283"
"TKY002","446"
"ATS364","299"
"BRG013","443"
"LNG032","162"
"CRN239","277"
"CLC063","579"
"CHR637","363"
"CRN288","371"
"CRN276","371"
"MCL075","371"
"CRY035","752"
"CYS001","277"
"EBS001","746"
"SPL033","755"
"ELL001","756"
"END020","425"
"FRD001","334"
"FRC011","271"
"GST009","756"
"GLC113","271"
"GLC097","743"
"RNL024","271"
"GDP001","446"
"HRT035","746"
"LYM133","201"
"HYP058","278"
"IMM167","279"
"TCL025","279"
"INT303","348"
"KR002","046"
"LPR021","030"
"SPL024","755"
"LYM004","528"
"FML018","277"
"MCK013","753"
"MYM013","437"
"SPN393","335"
"SPN394","335"
"MYS003","358"
"MYC006","202"
"MYL005","238"
"MYL069","203"
"3MT016","377"
"NNR004","377"
"OST164","733"
"SBC001","046"
"PNC035","157"
"PHN003","270"
"PTT046","253"
"INT304","516"
"PLY170","753"
"PLY001","207"
"PLM017","516"
"RFS006","356"
"SJG008","710"
"SDD001","798"
"GRV008","242"
"AND002","259"
"CTS003","362"
"BDY004","278"
"ORF040","758"
"FRG001","759"
"WSK001","279"
"CHR081","363"
"CLR133","368"
"HMP004","286"
"RTN209","361"
"SPL070","755"
"FTL002","046"
"KRN002","378"
"ADN027","617"
"AST005","493"
"LKM061","205"
"ATM006","279"
"MYT020","359"
"AST006","367"
"MCL042","362"
"PLY006","755"
"CRV035","180"
"MCR129","362"
"SCK003","282"
"BRT054","756"
"ALP101","282"
"ASC010","127"
"RFL001","337"
"ORT004","306"
"LNG108","202"
"SPL034","755"
"ABD014","277"
"NPH078","274"
"PRS012","363"
"ATR001","745"
"VTL004","709"
"GLC084","365"
"SPL025","755"
"ANR007","307"
"NSP012","147"
"PTN014","747"
"PSR001","696"
"CHR654","356"
"LKM063","205"
"PRT010","194"
"MJR001","296"
"LGN006","482"
"SVR097","695"
"GRN037","446"
"CHN065","748"
"APL001","284"
"ESP035","530"
"MLR004","084"
"INT323","365"
"KWS002","446"
"DBT084","250"
"FCT002","286"
"MCR115","362"
"LKM062","204"
"MSC165","359"
"ALP103","273"
"GST053","151"
"BTT014","282"
"ASP006","117"
"BRR014","530"
"PRP009","674"
"ART101","395"
"LPT014","278"
"RBF001","266"
"BLD161","360"
"MLD001","025"
"MCP040","277"
"LPP008","746"
"CHR100","707"
"PRP027","443"
"DFC004","281"
"PYR010","607"
"PLM037","416"
"CHL147","483"
"BCT021","995"
"STR103","481"
"LVD003","709"
"DSS032","079"
"LCR004","062"
"LRY004","464"
"TBR002","016"
"ADN002","474"
"CRY001","516"
"TCK001","063"
"LMB002","358"
"RST001","333"
"CNG006","243"
"EXN002","782"
"EPD015","080"
"EXN001","058"
"VRL003","050"
"EXD001","362"
"CNG010","368"
"HRD007","757"
"TNS007","123"
"TTH002","520"
"INT017","120"
"ATR057","426"
"RHM028","398"
"FCL049","333"
"TRC087","397"
"SLP006","780"
"SLV026","142"
"PRV006","299"
"CHM005","558"
"FML023","346"
"DVR006","558"
"CRH005","555"
"BLC015","341"
"ATR011","427"
"PTS002","374"
"CNG513","743"
"GLL020","575"
"ADN067","474"
"LNG095","513"
"MST019","383"
"UMB002","756"
"ING001","550"
"CRV068","219"
"ECT026","633"
"OMP004","756"
"CRD119","427"
"ACR097","701"
"ATY042","205"
"SLM003","003"
"ISL003","253"
"WLD007","273"
"BLD130","753"
"HMP030","320"
"MNN032","036"
"TNG007","141"
"VTM036","268"
"SPL061","755"
"HYP730","758"
"ISL078","743"
"CMB007","279"
"SNS001","389"
"AMP013","156"
"TBS001","094"
"DDN010","152"
"MGR003","346"
"CMP003","518"
"PLV003","614"
"PLM198","518"
"CYC001","367"
"EYC003","367"
"ASY002","094"
"LTC001","090"
"SYP001","094"
"SYP002","094"
"SPR006","123"
"DPH003","123"
"HYM001","123"
"INT009","324"
"ACT005","371"
"TRY001","086"
"CRB004","434"
"KRT007","371"
"PGM003","709"
"CRN024","371"
"VNS003","459"
"CNJ010","372"
"CYS005","123"
"LNG027","170"
"MLG006","170"
"MCK001","152"
"ILM001","152"
"SML016","152"
"XRP001","375"
"LCR003","375"
"PSY001","306"
"OPT010","362"
"SKN002","214"
"PSY003","302"
"OST017","730"
"LPM001","214"
"OST003","732"
"SLP001","086"
"CHL004","574"
"BRD005","030"
"HST003","115"
"PLR008","511"
"EHR002","082"
"TBR006","030"
"EXH001","302"
"LPN001","063"
"STR003","575"
"BRW002","378"
"DSC001","388"
"SBN002","410"
"MMP001","072"
"LFT001","426"
"HRT008","426"
"PNT003","103"
"ART004","440"
"SLD003","527"
"MNC001","378"
"ASB001","501"
"PNM006","505"
"END033","421"
"SLC006","502"
"ANT018","500"
"GLC005","377"
"CHR091","322"
"DRM010","710"
"BLP004","374"
"VRL012","047"
"SLT004","610"
"BRS039","610"
"FBR016","610"
"SPP007","368"
"DSS006","368"
"AMB002","368"
"AMT001","368"
"YWS001","102"
"SMN004","098"
"SCN005","731"
"PNM005","020"
"ACT062","523"
"EPD017","187"
"STB001","371"
"AMY003","353"
"PRL012","382"
"ESN006","322"
"MRN002","370"
"MYC004","370"
"KLP003","756"
"MRG002","370"
"HYP062","370"
"HYP084","364"
"RNG002","370"
"PRF002","370"
"TNS005","474"
"PTL003","726"
"DNT010","521"
"CMM005","460"
"DPH021","519"
"NSP002","472"
"ADR010","255"
"ORB010","376"
"MLG042","380"
"DRS001","411"
"CHR052","380"
"ACT044","380"
"DBL001","372"
"VRL005","480"
"PYL007","151"
"GST026","151"
"CRD005","151"
"PYL003","151"
"ACT045","381"
"SPN031","669"
"OST011","268"
"LTY001","102"
"ERL004","102"
"BCH001","380"
"MLD002","642"
"LKD001","330"
"IDP007","356"
"CHR056","307"
"CHR071","356"
"PLR001","010"
"TRP004","579"
"BLN006","579"
"ALL007","708"
"PRM016","377"
"PRT024","377"
"MCR013","743"
"PNC028","579"
"ACT048","098"
"ACT050","410"
"ACT051","410"
"ACT052","410"
"RSD002","365"
"OPN001","365"
"SCH011","301"
"LCT003","611"
"HYP078","611"
"FTN001","611"
"CHR059","360"
"GRD001","007"
"TXC004","242"
"PRG008","121"
"CRB018","330"
"BRD006","183"
"PTR001","383"
"CHR098","590"
"PRT013","572"
"BBN001","020"
"MSN002","289"
"FDL001","422"
"MTH007","289"
"CHR040","473"
"PRM012","289"
"CHR038","473"
"CHR039","473"
"PRM013","256"
"ACT039","098"
"SPT003","422"
"FLR002","125"
"TBL004","726"
"GST023","531"
"NSL008","160"
"SXL001","302"
"MLG039","401"
"CHY001","608"
"VYR001","302"
"MRR003","062"
"EST003","062"
"MDD006","385"
"SXL002","302"
"SLV003","527"
"ANG012","569"
"PRT015","378"
"PRL014","378"
"TTL002","378"
"KHN001","362"
"ILC001","451"
"WST002","062"
"STL001","062"
"HND002","074"
"EPD011","074"
"HRP001","074"
"LPR001","030"
"BNG021","401"
"TRN007","302"
"AMN003","294"
"SBR002","082"
"MCR010","742"
"BRD004","301"
"GST013","534"
"DPN001","301"
"OBS003","301"
"MLT010","300"
"IMP006","312"
"JPN002","062"
"DSS010","300"
"SCH004","301"
"CHL020","385"
"TNG004","529"
"PRN010","301"
"ANT011","301"
"STR008","127"
"CHL122","385"
"SPS006","343"
"SPS003","343"
"SPS005","343"
"HMP005","343"
"ACT031","614"
"SLP004","614"
"SPS004","343"
"FTL004","773"
"CNJ005","372"
"PSD006","372"
"ANR003","569"
"OVR049","256"
"PNG001","372"
"CRN026","371"
"BLL004","371"
"SCN003","371"
"IDP006","371"
"CNT008","371"
"CHR021","582"
"DSS002","300"
"DPR002","300"
"PST010","027"
"LCH001","134"
"CHR077","363"
"MYS004","134"
"ASP004","768"
"TRN004","083"
"RCK003","083"
"PLP001","522"
"QLT001","287"
"PSY002","302"
"DSL001","385"
"ACQ005","287"
"BRT043","088"
"SPT005","082"
"PRS014","600"
"AQS001","365"
"PRL002","375"
"SRC014","171"
"MLR001","705"
"HYD002","591"
"ANH002","705"
"HYP023","365"
"NNT004","770"
"BRC012","023"
"HNC001","287"
"ENP001","376"
"TTL001","367"
"CMM003","078"
"ANG005","078"
"SRS002","381"
"NNS006","381"
"ACT067","372"
"ALL004","117"
"PLP002","522"
"RSP003","518"
"ACT018","465"
"PSD004","372"
"SRS003","372"
"QFV001","083"
"HYP024","252"
"ESP002","456"
"OPD001","305"
"PRM005","252"
"PRT030","252"
"ANG003","372"
"CHR015","384"
"CNJ002","372"
"ACT077","376"
"ORB005","376"
"ORB004","376"
"ORB003","376"
"ACT012","077"
"ADH006","385"
"ORB006","376"
"APP010","153"
"PLT001","776"
"ANM001","776"
"TRN017","776"
"DCN001","776"
"DSS009","286"
"VTM033","269"
"SCL003","300"
"BRL001","081"
"ORN001","073"
"CTS002","078"
"HNT019","078"
"CHR013","522"
"TRC008","076"
"SLR002","363"
"PRP004","363"
"PLM011","242"
"VNT001","495"
"KRT002","371"
"RTN004","362"
"VRT001","433"
"RBS001","071"
"AFR001","115"
"MBT001","426"
"CRC001","120"
"HST002","115"
"RHN002","040"
"KYS001","065"
"SCH003","295"
"ERY004","035"
"LMR001","040"
"STN004","594"
"PHL003","066"
"FNC002","564"
"LNS001","379"
"CNG005","743"
"ANL005","564"
"GNT004","128"
"CRN027","370"
"PNM001","136"
"GNG003","523"
"EXP001","315"
"TTN003","037"
"CRB005","437"
"PYL005","590"
"HRT032","429"
"ALT003","378"
"END008","617"
"FLL006","617"
"END012","617"
"END009","617"
"EXT022","378"
"END010","617"
"BRN008","348"
"PRN005","774"
"END011","617"
"HMP001","423"
"ACQ002","368"
"IDP004","337"
"CRD001","423"
"MTR002","396"
"RMN001","307"
"HYP006","402"
"FSS001","529"
"ABN004","379"
"SPP008","382"
"BNG003","403"
"CNS002","423"
"LRY002","478"
"RCR001","371"
"CRN004","370"
"BWM001","371"
"CRN023","371"
"ACT083","381"
"ACT002","381"
"ATN002","337"
"CHN059","712"
"RTN001","362"
"HYP008","362"
"STR002","320"
"FNC006","536"
"PHL001","370"
"CDQ001","344"
"RNG001","379"
"BLD003","188"
"INF021","778"
"PLV002","618"
"DNT006","522"
"ACC002","367"
"PLY011","256"
"PRS025","367"
"CNJ011","372"
"NPH010","587"
"PLN005","719"
"PNL012","187"
"HYP046","374"
"CCT002","694"
"HYP045","374"
"HYP044","374"
"INF022","702"
"ACT046","522"
"PRT018","452"
"ONC002","125"
"HRT007","164"
"ANT016","305"
"DBT008","250"
"LST001","027"
"PRM017","183"
"PTS001","758"
"UTR030","183"
"RND001","183"
"BRD007","033"
"SDR001","360"
"ACT047","360"
"NNT058","775"
"IRN001","280"
"LYM017","088"
"SPN033","379"
"LKC002","360"
"BLN008","360"
"ABS022","360"
"RGL001","367"
"NCR006","385"
"SPL009","289"
"PHT005","371"
"CHR058","289"
"CHR057","476"
"PRT038","263"
"URN006","188"
"BLD026","188"
"URN007","188"
"ODN001","521"
"BLD027","188"
"URC001","188"
"VTR002","379"
"URT023","188"
"BLD029","188"
"HPT014","572"
"KHL001","732"
"MYP006","367"
"DGN002","360"
"CRT012","377"
"GLN007","187"
"TRN011","367"
"CLB002","754"
"IND004","030"
"MNC005","378"
"PRP012","363"
"ABN003","368"
"MCL004","370"
"FML030","174"
"GST037","536"
"LBM004","184"
"TNC001","110"
"VGN017","184"
"ESP024","530"
"NPH012","581"
"PST029","627"
"CNJ008","372"
"TRC025","162"
"ULC006","021"
"ATR009","608"
"OST014","756"
"HYP061","425"
"SPR017","608"
"FRN007","191"
"DRG004","292"
"SYM002","360"
"KRN003","773"
"PNV001","360"
"SRC006","321"
"PYL002","537"
"DLF001","537"
"DPC001","370"
"TRN008","716"
"NTR002","377"
"SDK001","026"
"BLL005","361"
"OPT009","377"
"INF009","720"
"PST015","515"
"PLM006","516"
"EPS002","379"
"NRT003","370"
"PCD001","307"
"DYS009","300"
"TYM001","385"
"DTR001","596"
"NRG002","596"
"LWC001","596"
"CRY005","117"
"PRP026","362"
"PSD005","362"
"RTN005","362"
"CBB001","362"
"CNN003","255"
"SCN004","362"
"ULN002","354"
"DYS008","246"
"CHG001","086"
"RDL001","354"
"GTR002","240"
"BLS004","362"
"TNC003","110"
"OTS001","387"
"DSC005","153"
"SPL003","153"
"SPR019","370"
"ALV002","122"
"SNL002","362"
"PNC012","370"
"SPC002","727"
"OLG003","658"
"PLC002","727"
"HST005","115"
"CMM004","279"
"MDL001","255"
"CHR018","614"
"ANS004","367"
"NTR004","288"
"CTN005","032"
"DNG003","061"
"MLG017","186"
"FMR001","451"
"ATY001","296"
"PRN009","295"
"INT014","155"
"CNJ004","372"
"ANT008","371"
"STR006","371"
"CGH001","493"
"VGT001","364"
"GRN055","371"
"CRM001","065"
"KYP001","416"
"CHR096","416"
"MRS001","261"
"CSC001","537"
"TRN006","302"
"PRM236","571"
"MLG025","608"
"MLN007","606"
"PRM009","360"
"MLG026","608"
"VRC001","456"
"PRS020","601"
"ALC006","571"
"PTL001","381"
"VRL004","386"
"END034","376"
"FTS001","302"
"LTR005","376"
"THY013","376"
"RTR004","158"
"INT026","376"
"PLS001","376"
"PRL004","618"
"GND002","302"
"CRN022","371"
"SPN046","335"
"BRN014","485"
"DYS015","009"
"SPS002","374"
"ENT005","374"
"KLP001","312"
"LKM002","208"
"PYR003","312"
"BLN004","007"
"TNP001","110"
"THY002","246"
"LXT001","360"
"CNJ001","378"
"INT025","301"
"LBM005","184"
"PNC001","284"
"SCN001","588"
"VLV032","184"
"PTH002","312"
"TBR003","016"
"VGS001","352"
"RTN003","362"
"BLL003","351"
"PLN002","355"
"PSN001","726"
"TRC012","127"
"BGS001","495"
"CMM002","355"
"LSN001","355"
"TRS001","355"
"BLD051","286"
"HYP010","724"
"TRC013","127"
"ATR004","384"
"SHG001","004"
"CPL001","127"
"VNW001","286"
"HML001","283"
"PHC001","365"
"ULC001","616"
"PHC002","365"
"CHR095","378"
"OLC001","726"
"NNT003","775"
"PRN004","618"
"DSP001","750"
"ACT073","208"
"HYP009","750"
"TTH001","521"
"VST006","388"
"ABN001","368"
"BNC002","368"
"BLS002","116"
"PSD001","335"
"VST001","386"
"PRC002","116"
"MXD002","315"
"DNR001","378"
"CPL005","448"
"BLC002","111"
"CHR017","098"
"LCK001","344"
"CRB008","437"
"HRN002","620"
"HRD008","448"
"HYP021","521"
"LCR005","190"
"CCT001","374"
"CHR410","190"
"MGR001","346"
"DBT004","357"
"MLT007","756"
"OCL011","378"
"HLL002","305"
"CRN007","371"
"CYC002","007"
"CHR002","375"
"SNL001","374"
"PRL015","618"
"ENT001","618"
"QDR001","344"
"HYP016","300"
"MCC003","527"
"PLS005","084"
"CRD246","429"
"SLL001","527"
"END021","425"
"PRL006","374"
"PLS006","084"
"INT035","202"
"ACT037","375"
"CND002","312"
"PHL004","375"
"INT057","202"
"VRT003","435"
"LBM003","116"
"HRD011","282"
"SHP001","077"
"TRN012","437"
"ALC010","425"
"BLN009","607"
"LGP001","374"
"SBC014","435"
"LSB001","087"
"TCK003","087"
"MCH005","374"
"CCT004","374"
"TRM002","365"
"DMN002","290"
"RNL011","588"
"ACQ008","701"
"TNN002","681"
"CRP004","620"
"JCC001","714"
"PRS030","747"
"BRN026","362"
"CNT028","362"
"PRV004","779"
"ACT061","461"
"MCH004","374"
"RLP003","087"
"CCT003","374"
"PRT025","281"
"GNC006","098"
"ACT079","580"
"SVR005","642"
"BNG028","405"
"BNG034","405"
"ESP018","112"
"PRP010","187"
"ACT068","595"
"DSS005","379"
"SPR014","187"
"HRD017","373"
"EXP003","376"
"ALL008","518"
"NDL006","600"
"END028","240"
"GT001","274"
"BCK003","362"
"BRN028","191"
"HLR003","362"
"SBM005","218"
"RGH001","426"
"RTN009","362"
"OCL007","021"
"TTH008","521"
"INT045","521"
"HVR001","026"
"DRR001","009"
"BRN120","162"
"KLB003","482"
"MYC087","483"
"DPH004","032"
"DPH005","032"
"INT046","014"
"CHR053","372"
"ANT015","365"
"DBT007","366"
"TXC008","377"
"CRT010","377"
"HYP049","529"
"TYP007","002"
"PRS026","372"
"LRY012","161"
"EGD001","302"
"PDP001","302"
"DFF011","370"
"SNL004","374"
"PRP029","277"
"RDN001","315"
"EHL001","756"
"TNM002","110"
"GST046","022"
"CLR019","368"
"PRF001","576"
"NRG001","564"
"SCR008","081"
"BSL004","433"
"GLN002","024"
"URT001","597"
"PST012","371"
"CRN002","371"
"ALX001","315"
"SCL015","379"
"HPT019","572"
"URT002","599"
"GNC002","098"
"CNT006","372"
"PRG012","372"
"SPR021","161"
"BLN002","607"
"GNC001","098"
"ACT014","386"
"ACT013","386"
"CHL012","299"
"JJN003","152"
"ACT015","386"
"VNS001","362"
"NNT001","771"
"URT004","597"
"LSS001","125"
"TRG001","595"
"PRL001","386"
"HYP069","252"
"TTN001","771"
"INT012","365"
"TBR001","759"
"SBS001","218"
"TBL002","726"
"OPT001","377"
"CRT003","366"
"MXL008","160"
"NNR001","252"
"CHL068","576"
"CCC001","114"
"KWS001","260"
"FRN009","160"
"FML002","628"
"DNT002","521"
"PHT002","370"
"ETH008","160"
"PLY002","357"
"STN002","375"
"ALV001","526"
"STN003","375"
"INF004","598"
"BLR001","751"
"OST001","756"
"GST003","251"
"EVR001","375"
"ULC002","569"
"ACQ003","375"
"PST008","379"
"CHR009","537"
"PRS007","602"
"ACT006","098"
"PRM003","302"
"AND001","520"
"DNT001","520"
"BRB001","265"
"MLG080","405"
"PNP001","360"
"UTR006","615"
"HPT081","573"
"NTM001","573"
"NNT002","771"
"EPP001","375"
"EXC003","375"
"PTH001","132"
"CLN003","121"
"CHN002","099"
"OPS001","121"
"PLN001","078"
"HYP007","728"
"STP001","379"
"LCL001","379"
"EQT001","379"
"MYR001","384"
"ACT001","384"
"FML006","174"
"ANT023","379"
"INC003","077"
"CHR032","621"
"PHR002","077"
"FXF002","705"
"TTN002","366"
"PRS018","373"
"HYP028","352"
"SQM003","373"
"SWT003","705"
"SCL005","379"
"ACT028","365"
"EXT011","333"
"MLT009","352"
"FCL006","386"
"HYP030","302"
"TRC015","378"
"HYP081","272"
"BRD003","495"
"RDG001","368"
"WHT003","111"
"LYM011","099"
"LMB001","353"
"ACQ001","368"
"IRR001","367"
"SMT001","300"
"ACH003","368"
"NCR001","101"
"ACT023","098"
"BNG018","386"
"AMN001","626"
"URN003","120"
"ACT024","098"
"BLD009","596"
"NCL001","366"
"MRG001","366"
"SCH014","120"
"CHR093","376"
"FML017","174"
"PRM007","375"
"LCR008","375"
"PPT001","530"
"SPL005","442"
"BRC007","023"
"UTR016","218"
"ALG001","733"
"ALC009","571"
"FLC001","281"
"ART007","747"
"CNT011","372"
"RBS002","364"
"RSD001","365"
"NNT006","775"
"PRM024","365"
"PRR005","189"
"BPL002","296"
"VST003","379"
"BLC004","084"
"PLS007","084"
"GNC005","351"
"TXC006","386"
"RTC003","521"
"EPC002","726"
"RNL008","440"
"ACQ006","537"
"INF020","606"
"DQR001","727"
"MDN001","529"
"MST003","620"
"PLP003","521"
"FML026","272"
"TXC005","040"
"URT014","592"
"LTR006","618"
"ANS011","154"
"ACT038","377"
"MDL004","618"
"BLT002","386"
"OBS004","331"
"CNG020","279"
"CHR079","363"
"CLC004","726"
"BTN002","082"
"PLY008","357"
"ALC011","357"
"BCP001","726"
"FRZ001","726"
"PST025","379"
"ACT035","461"
"SCL008","379"
"OLG001","606"
"AZS001","606"
"ORB007","376"
"CHR041","380"
"GST018","021"
"EPP002","375"
"CYS012","362"
"CHR097","382"
"CHR042","382"
"VTR001","362"
"DYS010","362"
"RTN007","362"
"ORL005","112"
"ATR007","624"
"END038","251"
"NRG003","713"
"BRW005","379"
"GNR004","300"
"MXD019","084"
"PLS008","084"
"EST004","256"
"ACT053","245"
"CRN009","371"
"THR007","453"
"PRT023","191"
"PRT022","007"
"CRT009","357"
"LBY002","386"
"VLV015","624"
"DPT001","125"
"GLS004","352"
"ABN002","251"
"CRB033","331"
"CHR049","382"
"SCL011","370"
"CHL035","708"
"CHR054","365"
"GND004","758"
"DRC001","125"
"BRC008","023"
"BRC009","023"
"FRM003","495"
"SPR010","117"
"PRP014","371"
"CND003","112"
"PRT027","362"
"ARG003","379"
"SNL005","331"
"EXT020","521"
"ATR073","529"
"RYS001","331"
"SPH008","160"
"STR016","365"
"ANR005","320"
"FST001","377"
"GLS007","529"
"GGR001","529"
"NRL004","333"
"PST014","244"
"PPL021","377"
"PRS047","601"
"CHL070","445"
"SRS004","386"
"HYP086","244"
"LBY004","386"
"ECH003","122"
"LYM022","228"
"CHR030","098"
"AVD001","301"
"PRS038","301"
"CND004","112"
"CCM004","153"
"PNN001","729"
"CYS008","122"
"PNL013","607"
"CHL014","001"
"URT039","708"
"ART006","995"
"DRM009","111"
"MCH001","374"
"SPS001","374"
"FNG017","110"
"FNG017","111"
"FNG017","112"
"FNG017","113"
"FNG017","114"
"FNG017","115"
"FNG017","116"
"FNG017","117"
"FNG017","118"
"ECT005","374"
"CMM008","331"
"PLM015","517"
"ALC033","305"
"RSP006","519"
"LRY007","012"
"ACT017","517"
"CHR031","117"
"THR014","287"
"HYP026","251"
"LYM021","289"
"SKL001","015"
"CNT007","013"
"FML014","174"
"FML013","174"
"FML009","174"
"VNT002","745"
"RHM001","390"
"SPN014","512"
"LWM001","641"
"BHC001","711"
"CHR020","595"
"CYS018","595"
"CHR087","595"
"NRN004","209"
"END035","194"
"BNG011","333"
"PRT035","158"
"DDN001","532"
"DRG001","292"
"RTN021","362"
"FCL011","351"
"AMR001","115"
"HST011","115"
"FCT008","300"
"UNL001","386"
"CNV002","300"
"LBY001","386"
"VSC007","442"
"PNC008","157"
"THY122","193"
"SCN002","375"
"URT037","598"
"MNN002","354"
"EPL164","345"
"CRY003","007"
"MNN003","354"
"GNT001","526"
"HPT001","070"
"ECZ001","373"
"NNN006","373"
"ALL005","373"
"CNN001","304"
"CHR004","393"
"INT008","378"
"CHL067","575"
"TLG001","704"
"TRC003","131"
"FLL027","183"
"FCL013","363"
"RCT021","154"
"CHR007","381"
"PRR004","362"
"DGN003","362"
"ENT004","726"
"EXS001","726"
"ACT059","461"
"PST028","309"
"OTS003","381"
"PRN015","777"
"INT071","569"
"ATM011","571"
"OTL001","564"
"CNS004","564"
"TRN014","716"
"MYT023","359"
"HLS001","726"
"BCL002","279"
"PNM002","021"
"TTH005","521"
"TBR005","016"
"URG001","016"
"TMP002","191"
"ENM001","521"
"VGN023","616"
"DNT012","521"
"ECT006","757"
"ASC004","153"
"TLR001","021"
"CRB016","680"
"OCL009","190"
"ACT007","380"
"HMR003","287"
"PST024","251"
"BSL001","435"
"SPN020","721"
"HYP033","622"
"HPT021","570"
"ANK001","718"
"PRC015","380"
"VLV011","112"
"HDR003","705"
"ATR008","602"
"STR015","307"
"ESS003","238"
"FML039","629"
"MTR014","335"
"MLT013","495"
"PLY010","273"
"MND001","170"
"LTR001","335"
"PLS010","273"
"PHR003","462"
"MNC004","273"
"GNR003","440"
"IRN002","275"
"WST004","066"
"PST095","459"
"WST003","066"
"RNL097","593"
"HRD012","282"
"RHN003","117"
"CLT001","184"
"LPT001","100"
"ANT012","379"
"ANG010","372"
"CNT016","362"
"BLP006","372"
"OPP002","118"
"CHR086","372"
"VRN001","372"
"CNT017","386"
"CNG031","742"
"PHS001","275"
"SNS003","356"
"ENM002","521"
"HRD010","334"
"ALC013","291"
"TTH007","521"
"ALC003","291"
"SPL012","289"
"INF036","357"
"CHR043","357"
"HMN011","228"
"INT077","228"
"CHN011","733"
"OPT003","304"
"HMN010","228"
"CRV039","616"
"CRN025","371"
"RTN006","362"
"BRB002","304"
"LRY044","161"
"AGM001","279"
"PNC034","577"
"TRN003","153"
"HPT005","153"
"KDN017","189"
"PSY004","298"
"MSH001","495"
"PYL001","590"
"ADT003","388"
"NRC003","301"
"GLY013","271"
"TRN005","307"
"TCD001","307"
"RCT009","154"
"END084","259"
"CRN033","192"
"LNG028","426"
"BRX001","327"
"ACT029","516"
"ETH004","790"
"HRY003","202"
"ACQ010","289"
"NDL004","371"
"END044","617"
"IMM136","279"
"ACT027","577"
"LCR011","190"
"PLM001","011"
"SVR001","079"
"INN002","386"
"TST014","186"
"PRT002","002"
"STN001","375"
"GNG013","523"
"NRV006","192"
"TNS002","727"
"GST049","239"
"TNS001","727"
"GLL018","156"
"PRG001","335"
"SPN041","336"
"VSC001","336"
"NRL002","237"
"CNT005","200"
"SBC006","208"
"MNK002","059"
"THY025","164"
"BPL003","296"
"HST001","301"
"CRN006","414"
"ACC001","352"
"GLS008","352"
"SBC002","442"
"BLP001","374"
"SPT002","020"
"BRS051","610"
"BRS051","611"
"BRS051","612"
"PLG002","020"
"STR004","593"
"CRB038","191"
"MST001","202"
"GST010","630"
"PNC013","157"
"BLD044","596"
"ART016","441"
"OLF001","352"
"CRB040","191"
"ACT082","381"
"SKN016","702"
"ACT025","381"
"PSD009","752"
"EXT056","380"
"ART023","711"
"PRK001","692"
"MLR006","187"
"THR016","451"
"MNB001","162"
"ADR005","194"
"ACT076","422"
"EXT035","425"
"ESN004","535"
"ESN005","558"
"LVR013","573"
"NLD001","703"
"ORB012","190"
"PRM022","091"
"SCN006","091"
"INT078","434"
"PYD002","686"
"BRN048","191"
"CRB030","191"
"MYP004","359"
"PLM013","770"
"CNJ007","372"
"CNJ012","372"
"SYS005","710"
"TNC002","110"
"PST013","164"
"INT010","434"
"NRM005","358"
"BRT004","255"
"MYT003","359"
"BLD062","156"
"RTN015","190"
"FLM001","370"
"PRS042","602"
"SMT006","300"
"MLR007","608"
"ANT007","335"
"RNL018","189"
"NNP002","045"
"PLM031","045"
"THY030","246"
"PNL014","194"
"ADJ001","309"
"IDN001","244"
"THR012","195"
"OVR046","620"
"SMP001","345"
"PLR006","163"
"SCR017","187"
"URT010","593"
"URN010","599"
"CHR070","357"
"HMN014","042"
"HYD003","719"
"BLP003","333"
"INT068","569"
"PTT009","253"
"EYL005","374"
"THY026","254"
"SLP005","307"
"INT042","378"
"SCH012","295"
"PDC002","132"
"CNJ009","190"
"LCN001","132"
"TXC007","506"
"PDC003","132"
"MDS018","164"
"VLK001","958"
"ACT042","590"
"TRG003","350"
"EYD002","379"
"SPN040","192"
"BLT004","386"
"CHS002","377"
"CRN031","352"
"NRV002","362"
"RTN018","362"
"VSL004","377"
"ART018","395"
"MDN002","354"
"PLM040","424"
"RHM002","397"
"MNN016","354"
"ATR006","384"
"ORL004","528"
"TYM002","384"
"HMG002","791"
"NPH009","592"
"CNG027","282"
"PHB001","300"
"OCC005","433"
"CNG034","428"
"ESP023","530"
"PRP016","344"
"ACT084","308"
"MTR012","394"
"LYM027","288"
"BRN024","466"
"CNJ013","372"
"CRN021","190"
"RCT015","099"
"HYP063","289"
"DBL002","745"
"PRG009","046"
"PRN024","277"
"ACN011","706"
"KMM001","721"
"SPN051","720"
"BST002","721"
"DFF006","721"
"AMP007","305"
"CRB039","437"
"SPN027","723"
"PRG007","335"
"CMP008","958"
"JVN010","714"
"ACT026","375"
"ACT070","375"
"ANS003","127"
"SPL010","202"
"RDT001","595"
"CYS003","595"
"SBC007","245"
"SPN005","192"
"THY032","245"
"FML031","625"
"NDL008","379"
"PRM020","625"
"ESP001","017"
"URT033","189"
"CTN013","022"
"ANT024","022"
"DRM008","708"
"INH003","302"
"PPT005","533"
"ACT057","098"
"BLD030","016"
"STS002","759"
"GST050","520"
"GST050","521"
"GST050","522"
"GST050","523"
"GST050","524"
"GST050","525"
"GST050","526"
"GST050","527"
"GST050","528"
"GST050","529"
"GST050","530"
"GST050","531"
"GST050","532"
"GST050","533"
"GST050","534"
"GST050","535"
"GST050","536"
"GST050","537"
"GST050","538"
"GST050","539"
"GST050","540"
"GST050","541"
"GST050","542"
"GST050","543"
"GST050","544"
"GST050","545"
"GST050","546"
"GST050","547"
"GST050","548"
"GST050","549"
"GST050","550"
"GST050","551"
"GST050","552"
"GST050","553"
"GST050","554"
"GST050","555"
"GST050","556"
"GST050","557"
"GST050","558"
"GST050","559"
"GST050","560"
"GST050","561"
"GST050","562"
"GST050","563"
"GST050","564"
"GST050","565"
"GST050","566"
"GST050","567"
"GST050","568"
"GST050","569"
"GST050","570"
"GST050","571"
"GST050","572"
"GST050","573"
"GST050","574"
"GST050","575"
"GST050","576"
"GST050","577"
"GST050","578"
"GST050","579"
"GST050","580"
"RTN019","362"
"DLS001","297"
"PLC008","646"
"RNL016","590"
"END086","585"
"LRY017","478"
"CHR684","585"
"MTN002","133"
"OCL010","360"
"CRT015","433"
"HMR002","719"
"CCN002","305"
"EPG002","146"
"OST016","732"
"SPT004","711"
"MDS022","519"
"MYT001","366"
"MYC008","429"
"TRT003","097"
"CHR048","472"
"URT025","016"
"SCB001","133"
"CTR002","366"
"PRT036","567"
"APP008","540"
"APP008","541"
"APP008","542"
"CRK001","495"
"OST012","715"
"OST009","732"
"PST035","564"
"INT070","560"
"EXT034","495"
"BRC010","353"
"INT050","560"
"PRL008","560"
"CYC005","301"
"FLT003","361"
"PYR009","266"
"CRN028","370"
"PLL002","265"
"INF038","487"
"TRN010","362"
"RHM008","391"
"MPL002","495"
"PLY012","657"
"ACT055","039"
"NGH001","368"
"HRD016","362"
"IMP001","694"
"IMP004","684"
"JVN011","694"
"WHP001","040"
"LCL006","701"
"BRT014","616"
"BLL006","694"
"PRP011","673"
"ACT080","415"
"PLM027","415"
"BRB003","305"
"ACT056","415"
"SBC012","694"
"RHM036","714"
"MNC007","206"
"DRM007","694"
"HRP004","053"
"HYP082","148"
"HDG002","201"
"RTC005","200"
"CHR066","780"
"VLL005","146"
"SZR001","202"
"PYD001","686"
"HRP006","054"
"MLG056","995"
"ORP003","146"
"LCH004","697"
"LPC002","140"
"ACT060","557"
"LCH003","697"
"CHR064","206"
"UPP003","143"
"SCR015","034"
"HRP005","054"
"GMC001","143"
"DPL002","344"
"RCR002","327"
"SFT002","145"
"ORL007","144"
"MSL001","055"
"HDG003","201"
"CHR067","557"
"UPP002","140"
"PRS031","233"
"NRV007","349"
"UVL001","145"
"ULC004","556"
"GST039","535"
"DDN006","535"
"SBS005","293"
"SBC016","293"
"HDG005","201"
"VND001","453"
"CHC001","052"
"LPC001","230"
"PST031","148"
"ARY001","148"
"VRL008","057"
"ETN001","307"
"ALC012","535"
"PRN018","357"
"TNS006","146"
"SBC015","206"
"MYL006","205"
"CHK002","145"
"GNT003","054"
"DCB001","707"
"INS002","230"
"INS002","231"
"INS002","232"
"INS002","233"
"NRF002","237"
"ANR006","482"
"MLK001","051"
"CRT001","194"
"VSC002","290"
"SML019","050"
"LKP001","607"
"ERY002","057"
"SBR004","690"
"BCT013","482"
"SKN012","232"
"CNT001","051"
"EYC001","234"
"ACT250","207"
"LNG003","231"
"RBL001","056"
"TRC002","231"
"PYM001","040"
"HTR001","121"
"CRH001","555"
"CLN004","230"
"INT007","411"
"SBL001","142"
"HDG001","201"
"MTG001","121"
"PRS034","120"
"PRS034","121"
"PRS034","122"
"PRS034","123"
"PRS034","124"
"PRS034","125"
"PRS034","126"
"PRS034","127"
"PRS034","128"
"PRS034","129"
"FSC002","121"
"LPS004","695"
"BRS049","233"
"MLL001","078"
"PLM008","746"
"ACT008","702"
"TNS004","146"
"PNS002","233"
"LWR001","140"
"FSC003","121"
"CHR078","363"
"DSS001","363"
"RSC001","695"
"NRM001","341"
"PTY001","696"
"TNN001","111"
"PRM225","287"
"RTR002","145"
"ATR005","535"
"SKN019","172"
"DRM011","110"
"WLD001","149"
"PLN003","728"
"SVR002","362"
"CWP001","051"
"TNS003","146"
"SDR003","285"
"SBR001","690"
"LKP002","623"
"EVN001","287"
"ATS347","753"
"NRC002","347"
"CRV002","233"
"ESP008","530"
"HPT009","573"
"LRY009","231"
"INT019","230"
"PRT009","142"
"UTR010","622"
"PLY004","621"
"BLD008","233"
"PTY002","111"
"PRX001","277"
"ANL008","230"
"RTT001","695"
"LTH001","446"
"PRP005","696"
"RMS001","327"
"ESP005","230"
"ERY005","690"
"UTR009","233"
"OCC003","191"
"DSC002","373"
"SBC017","706"
"GRN005","099"
"LWR002","143"
"LVR003","230"
"STM003","230"
"ECZ002","054"
"XRD002","373"
"HRD005","145"
"LSH001","085"
"VSC003","085"
"VRL002","050"
"GSG001","040"
"MCC002","085"
"AMY004","277"
"NRT002","698"
"RCT010","230"
"SBM004","142"
"DBT006","362"
"PMP001","694"
"VST002","145"
"DYS011","530"
"ACH005","530"
"PRD002","327"
"LCH002","697"
"KDN012","233"
"HRP037","053"
"PYR008","148"
"PMP010","705"
"ERY008","443"
"AMN002","270"
"PRM015","334"
"AMB001","006"
"HST007","270"
"OCL006","365"
"BRD008","365"
"MYP005","376"
"PRP007","607"
"CLF001","749"
"ORB013","376"
"SPL008","017"
"MCH006","378"
"CHR047","473"
"LYM014","457"
"SCT002","368"
"BST003","302"
"URC002","270"
"URT015","599"
"URT016","599"
"TYL001","625"
"FBL001","726"
"CRT008","443"
"DBT009","250"
"VRL011","060"
"VRL011","061"
"VRL011","062"
"VRL011","063"
"VRL011","064"
"VRL011","065"
"VRL011","066"
"VRL011","067"
"KRT006","370"
"EXP004","376"
"FCH002","364"
"GLC001","364"
"GNC004","098"
"LNS002","364"
"INF019","364"
"CRP002","464"
"ACT072","464"
"TRC020","464"
"IRD001","364"
"INT040","493"
"EPG003","464"
"EPD018","604"
"STR011","410"
"STT002","493"
"ACT075","410"
"DBT005","253"
"ALL006","493"
"HYP034","437"
"BLP005","373"
"CHL066","576"
"IST001","182"
"UTR033","182"
"FTT001","571"
"LPD009","272"
"BCT007","320"
"MNN013","322"
"OTT001","380"
"MNN015","355"
"EXP002","370"
"ULC003","373"
"CHR035","375"
"CHL021","380"
"PLM035","518"
"LKC003","288"
"DCR003","375"
"BNG025","610"
"ACT034","461"
"SMP002","372"
"CNN002","305"
"ACT030","375"
"LTN001","097"
"TBR004","011"
"PLS016","203"
"VSC009","709"
"ADR012","255"
"BRN022","494"
"NNT005","771"
"VNZ002","066"
"URT011","594"
"LWR004","594"
"FSC004","729"
"STP002","005"
"UNL003","386"
"KDN013","593"
"NCR007","728"
"ORT001","593"
"NNC001","593"
"SRC011","136"
"ORL006","528"
"SYS003","428"
"SNL007","366"
"CNG024","379"
"APH001","528"
"NM001","528"
"PLM034","492"
"TXC010","422"
"CRV025","622"
"GNC008","098"
"GNC007","098"
"PLC007","640"
"RSC002","372"
"OPH002","771"
"HYD004","575"
"OCC004","575"
"PTH003","379"
"VTR005","379"
"BBS001","088"
"VTR004","360"
"OPH003","360"
"PRL018","360"
"EST006","381"
"ACT063","381"
"PLV004","456"
"PST030","576"
"BLR006","576"
"YLL002","060"
"DBT010","250"
"PRN017","455"
"UPP004","478"
"GNG007","727"
"INT059","455"
"BLD055","381"
"HMR005","455"
"TRN013","776"
"RNL012","016"
"FML033","174"
"SNL006","363"
"DST006","428"
"IRR002","564"
"BLB003","045"
"ANG008","363"
"MYS002","728"
"TBR008","014"
"HRD019","363"
"EYD001","360"
"DFF008","363"
"PRT016","363"
"CNT022","363"
"HYP047","378"
"NNT008","779"
"PRT032","363"
"CYC003","378"
"ACC003","378"
"EST005","378"
"HYP048","378"
"TTL003","363"
"MNF001","378"
"TRC023","124"
"RDL002","755"
"HYP074","446"
"PRP028","386"
"LNG015","333"
"CNG033","090"
"PLY017","446"
"INT065","370"
"DPK001","370"
"TXC009","362"
"INT043","271"
"URT019","597"
"ALP008","704"
"MLR002","018"
"ALT004","378"
"PRD003","523"
"ALP009","704"
"VLL003","719"
"MDN008","447"
"MBM001","373"
"INT047","373"
"CNT026","370"
"INF025","603"
"DVL001","315"
"OMS001","065"
"CHR061","375"
"CHR088","375"
"CHR060","375"
"CRD006","093"
"DCR004","375"
"CNS003","376"
"DCR002","375"
"STR019","365"
"RSD003","365"
"HMM001","621"
"HYP057","278"
"TXP001","130"
"DRG003","304"
"CRT011","278"
"HLL005","304"
"HYP055","746"
"ACT054","614"
"CCN001","304"
"ESN002","710"
"UTR020","665"
"TRT002","094"
"HYP056","251"
"HYP098","288"
